dynamic_acc,final_acc,mean_exit,threshold_exit1,threshold_exit2,threshold_exit3,threshold_exit4,exit1_rate,exit2_rate,exit3_rate,exit4_rate,exit5_rate,scale,offset
0.8830000162124634,0.890500009059906,2.8980000019073486,0.5,0.7044939934015274,0.7915,0.7915,0.07900000363588333,0.3709999918937683,0.28299999237060547,0.10700000077486038,0.1599999964237213,0.85,-0.05
