{
  "best_row": {
    "dynamic_acc": 0.8830000162124634,
    "exit1_rate": 0.07900000363588333,
    "exit2_rate": 0.3709999918937683,
    "exit3_rate": 0.28299999237060547,
    "exit4_rate": 0.10700000077486038,
    "exit5_rate": 0.1599999964237213,
    "final_acc": 0.890500009059906,
    "mean_exit": 2.8980000019073486,
    "offset": -0.05,
    "scale": 0.85,
    "threshold_exit1": 0.5,
    "threshold_exit2": 0.7044939934015274,
    "threshold_exit3": 0.7915,
    "threshold_exit4": 0.7915
  },
  "thresholds": [
    0.5,
    0.7044939934015274,
    0.7915,
    0.7915
  ]
}